{"name":"9f952fb0-98c1-40f8-9dc5-977eb9548ec0","id":"/providers/Microsoft.Flow/flows/9f952fb0-98c1-40f8-9dc5-977eb9548ec0","type":"Microsoft.Flow/flows","properties":{"apiId":"/providers/Microsoft.PowerApps/apis/shared_logicflows","displayName":"Birthday Wishes 1","definition":{"metadata":{"workflowEntityId":null,"processAdvisorMetadata":null,"flowChargedByPaygo":null,"flowclientsuspensionreason":"None","flowclientsuspensionreasondetails":null,"flowclientsuspensiontime":null,"creator":{"id":"b1368a7f-90b0-45b3-974b-4451c6ccbafe","type":"User","tenantId":"4b1930d1-12f4-40b5-b48c-bd86117429d8"},"provisioningMethod":"FromDefinition","failureAlertSubscription":true,"clientLastModifiedTime":"2023-05-21T07:38:46.5890799Z","connectionKeySavedTimeKey":"2023-11-19T11:05:17.8060923Z"},"$schema":"https://schema.management.azure.com/providers/Microsoft.Logic/schemas/2016-06-01/workflowdefinition.json#","contentVersion":"1.0.0.0","parameters":{"$connections":{"defaultValue":{},"type":"Object"},"$authentication":{"defaultValue":{},"type":"SecureObject"}},"triggers":{"Recurrence":{"recurrence":{"frequency":"Day","interval":1,"startTime":"2022-06-27T08:00:00.000Z","schedule":{"hours":["0"]}},"metadata":{"operationMetadataId":"499447c9-5c84-4e14-96f3-79d04f7057fe"},"type":"Recurrence"}},"actions":{"Apply_to_each":{"foreach":"@outputs('Get_items')?['body/value']","actions":{"Condition":{"actions":{"Get_file_content":{"runAfter":{},"metadata":{"b!k-a7I3Tz9U2jgSoo5-4WTEp7QP4GsplOk52ilwc9sGcPWGjUo20QRJdQ-LzYdhmf.01OFQZJ6PVCRTZXISJQFAY3J3XBAYGGNSB":"/Birthday wishes_22.xlsx","operationMetadataId":"540f7e79-5858-4721-a6dd-f60eb3f9d925","b!k-a7I3Tz9U2jgSoo5-4WTEp7QP4GsplOk52ilwc9sGcPWGjUo20QRJdQ-LzYdhmf.01OFQZJ6PDOPHJQPAHHZD35FL7YQH4JGNA":"/Business Card 1.PNG"},"type":"OpenApiConnection","inputs":{"host":{"apiId":"/providers/Microsoft.PowerApps/apis/shared_onedriveforbusiness","connectionName":"shared_onedriveforbusiness","operationId":"GetFileContent"},"parameters":{"id":"b!k-a7I3Tz9U2jgSoo5-4WTEp7QP4GsplOk52ilwc9sGcPWGjUo20QRJdQ-LzYdhmf.01OFQZJ6PDOPHJQPAHHZD35FL7YQH4JGNA","inferContentType":true},"authentication":"@parameters('$authentication')"}},"GPT3_Completes_your_prompt":{"runAfter":{"Get_file_content":["Succeeded"]},"metadata":{"operationMetadataId":"f079d4ae-619d-4c6a-8f38-2a4403180e90"},"type":"OpenApiConnection","inputs":{"host":{"apiId":"/providers/Microsoft.PowerApps/apis/shared_openaiip","connectionName":"shared_openaiip","operationId":"Completion"},"parameters":{"engine":"text-davinci-003","body/prompt":"Write a birthday message for staff member. ","body/n":1,"body/best_of":1,"body/temperature":1,"body/max_tokens":100,"body/frequency_penalty":0,"body/presence_penalty":0},"authentication":"@parameters('$authentication')"}},"Apply_to_each_2":{"foreach":"@outputs('Get_items')?['body/value']","actions":{"Apply_to_each_3":{"foreach":"@outputs('GPT3_Completes_your_prompt')?['body/choices']","actions":{"Send_an_email_(V2)":{"runAfter":{},"metadata":{"operationMetadataId":"ad38f9ab-3de0-49ab-a766-6dc0139cf7dc"},"type":"OpenApiConnection","inputs":{"host":{"apiId":"/providers/Microsoft.PowerApps/apis/shared_office365","connectionName":"shared_office365","operationId":"SendEmailV2"},"parameters":{"emailMessage/To":"@items('Apply_to_each')?['EmailAddress']","emailMessage/Subject":"Happy Birthday ","emailMessage/Body":"<p>Hello @{items('Apply_to_each')?['Title']}<br>\n<br>\n@{items('Apply_to_each_3')?['text']}<br>\n<br>\nKind Regards<br>\nFaculty of Accounting and Informatics<br>\n<br>\n<br>\n<br>\n<br>\n&nbsp;</p>","emailMessage/Importance":"Normal"},"authentication":"@parameters('$authentication')"}}},"runAfter":{},"metadata":{"operationMetadataId":"a2ed75e6-def3-48d0-afab-90e80d95345f"},"type":"Foreach"}},"runAfter":{"GPT3_Completes_your_prompt":["Succeeded"]},"metadata":{"operationMetadataId":"98295f76-aab5-4960-a2ff-6f1801b522de"},"type":"Foreach"}},"runAfter":{"DayOfBirth":["Succeeded"]},"expression":{"equals":["@outputs('DayOfBirth')","@outputs('DayOfBirth')"]},"metadata":{"operationMetadataId":"c585b1b5-e16c-41ad-9d47-11e32b042969"},"type":"If"},"DayOfBirth":{"runAfter":{},"metadata":{"operationMetadataId":"9d2822a3-7f0d-41a0-8cf1-40b1d69266cb"},"type":"Compose","inputs":"@formatDateTime(items('Apply_to_each')?['DateOfBirth'],'dd-MM')"}},"runAfter":{"Todays_Month":["Succeeded"]},"metadata":{"operationMetadataId":"a7bf835e-32f5-4509-a2d9-3066aee4e0f8"},"type":"Foreach"},"Todays_Month":{"runAfter":{"Get_items":["Succeeded"]},"metadata":{"operationMetadataId":"08263921-fa0a-40ae-9348-bda8241325f2"},"type":"Compose","inputs":"@{formatDateTime(utcNow(),'dd-MM')}   "},"Get_items":{"runAfter":{},"metadata":{"operationMetadataId":"74fb5a43-7211-47d9-b028-cf3f71ce9002"},"type":"OpenApiConnection","inputs":{"host":{"apiId":"/providers/Microsoft.PowerApps/apis/shared_sharepointonline","connectionName":"shared_sharepointonline","operationId":"GetItems"},"parameters":{"dataset":"https://dut4lifeac-my.sharepoint.com/personal/22111497_dut4life_ac_za/","table":"2bd76ec6-3881-4334-96e1-7b15864a86f0"},"authentication":"@parameters('$authentication')"}}}},"connectionReferences":{"shared_onedriveforbusiness":{"connectionName":"shared-onedriveforbu-8552b144-2d0a-4ba5-8857-61c2b81b7564","source":"Embedded","id":"/providers/Microsoft.PowerApps/apis/shared_onedriveforbusiness","tier":"NotSpecified"},"shared_openaiip":{"connectionName":"shared-openaiip-b197fa6a-c29a-4122-9edd-07ab5f42f311","source":"Embedded","id":"/providers/Microsoft.PowerApps/apis/shared_openaiip","tier":"NotSpecified"},"shared_office365":{"connectionName":"shared-office365-bff7785c-fc2b-4465-8de6-e69724e5d0b4","source":"Embedded","id":"/providers/Microsoft.PowerApps/apis/shared_office365","tier":"NotSpecified"},"shared_sharepointonline":{"connectionName":"ad495d88c24d43fb85592862f2332dfe","source":"Embedded","id":"/providers/Microsoft.PowerApps/apis/shared_sharepointonline","tier":"NotSpecified"}},"flowFailureAlertSubscribed":false,"isManaged":false}}